hap_id,mutated_sites,func_region_1,func_region_2,func_region_3,func_region_4,func_region_5
2,"505,682,718,722,772,798","","","","",""
3,"718,772","","","","",""
4,"521,548,629,736,772","","",736,"",""
5,"521,548,736,772","","",736,"",""
6,"417,521,548,611,718,752,772","",611,"","",""
7,"518,521,547,548,718,752,772","","","","",""
8,"718,772","","","","",""
9,"718,772","","","","",""
10,"718,772","","","","",""
11,"718,772","","","","",""
12,"682,718,772","","","","",""
13,"563,682,718,772","","","","",""
14,"674,718,772","","","","",""
15,"505,682,718,772,798","","","","",""
16,"718,772","","","","",""
19,"416,417,521,548,611,718,752,772","",611,"","",""
22,"718,772","","","","",""
23,"718,721,772","","","","",""
24,"521,718,772","","","","",""
25,"718,772","","","","",""
26,"417,432,520,534,542,548,584,611,718,772","","520,611","","",""
27,"718,772,810","","","","",""
28,"392,718,772","","",392,"",""
29,"417,432,520,534,542,581,718,772","",520,"","",""
35,"682,718,772","","","","",""
37,"483,680,711,718,772","","","","",""
39,"505,682,718,772","","","","",""
40,"438,682,718,772","","","","",""
42,"718,772","","","","",""
45,"417,432,520,534,539,542,581,615,677,691,695,696,718,772",691,520,"","",""
46,"424,457,520,542,680,736,772","",520,736,"",""
47,"392,457,718,757,772","","",392,"",""
48,"392,457,718,753,772","","",392,"",""
51,"521,548,736,772","","",736,"",""
53,"718,772","","","","",""
54,"521,682,718,772","","","","",""
55,"521,548,654,736,772","","",736,"",""
56,"718,761,772","","","","",""
57,"417,432,520,534,542,581,661,677,687,688,691,693,694,695,696,697,698,700,772","691,693,694",520,693,"",""
58,"392,457,718,772","","",392,"",""
59,"417,432,520,534,539,542,615,677,691,695,696,718,772",691,520,"","",""
63,"405,417,432,520,534,542,653,661,677,682,687,688,689,691,692,693,694,695,696,697,698,700,772,774","689,691,692,693,694",520,693,"",""
65,"674,718,772","","","","",""
67,"416,417,521,548,584,611,718,752,772","",611,"","",""
68,"416,417,521,548,584,611,718,752,772","",611,"","",""
69,"521,548,736,772","","",736,"",""
70,"416,417,521,548,611,718,752,772","",611,"","",""
71,"424,457,520,542,680,718,772","",520,"","",""
